1,"HDMI Male to VGA Female Converter","Compatible with PC,TV,Laptops,HD DVD and other HDMI devices.\nSupport Audio conversion.\nPlug and play: No installation of any driver.","images/usbToVga.jpg",6.99
2,"HDMI Male to VGA Female Converter","Compatible with PC,TV,Laptops,HD DVD and other HDMI devices.\nSupport Audio conversion.\nPlug and play: No installation of any driver.",images/usbToVga2.jpg,6.99
3,"HDMI Male to VGA Female Converter","Compatible with PC,TV,Laptops,HD DVD and other HDMI devices.\nSupport Audio conversion.\nPlug and play: No installation of any driver.",images/usbToVga3.jpg,6.99
4,"HDMI Male to VGA Female Converter","Compatible with PC,TV,Laptops,HD DVD and other HDMI devices.\nSupport Audio conversion.\nPlug and play: No installation of any driver.",images/usbToVga4.jpg,6.99
5,"HDMI Male to VGA Female Converter","Compatible with PC,TV,Laptops,HD DVD and other HDMI devices.\nSupport Audio conversion.\nPlug and play: No installation of any driver.","images/usbToVga.jpg",6.99
6,"HDMI Male to VGA Female Converter","Compatible with PC,TV,Laptops,HD DVD and other HDMI devices.\nSupport Audio conversion.\nPlug and play: No installation of any driver.",images/usbToVga2.jpg,6.99
7,"HDMI Male to VGA Female Converter","Compatible with PC,TV,Laptops,HD DVD and other HDMI devices.\nSupport Audio conversion.\nPlug and play: No installation of any driver.",images/usbToVga3.jpg,6.99
8,"HDMI Male to VGA Female Converter","Compatible with PC,TV,Laptops,HD DVD and other HDMI devices.\nSupport Audio conversion.\nPlug and play: No installation of any driver.",images/usbToVga4.jpg,6.99
9,"HDMI Male to VGA Female Converter","Compatible with PC,TV,Laptops,HD DVD and other HDMI devices.\nSupport Audio conversion.\nPlug and play: No installation of any driver.","images/usbToVga.jpg",6.99
10,"HDMI Male to VGA Female Converter","Compatible with PC,TV,Laptops,HD DVD and other HDMI devices.\nSupport Audio conversion.\nPlug and play: No installation of any driver.","images/usbToVga.jpg",6.99
11,"HDMI Male to VGA Female Converter","Compatible with PC,TV,Laptops,HD DVD and other HDMI devices.\nSupport Audio conversion.\nPlug and play: No installation of any driver.","images/usbToVga.jpg",6.99
12,"HDMI Male to VGA Female Converter","Compatible with PC,TV,Laptops,HD DVD and other HDMI devices.\nSupport Audio conversion.\nPlug and play: No installation of any driver.","images/usbToVga.jpg",6.99
13,"HDMI Male to VGA Female Converter","Compatible with PC,TV,Laptops,HD DVD and other HDMI devices.\nSupport Audio conversion.\nPlug and play: No installation of any driver.","images/usbToVga.jpg",6.99
14,"HDMI Male to VGA Female Converter","Compatible with PC,TV,Laptops,HD DVD and other HDMI devices.\nSupport Audio conversion.\nPlug and play: No installation of any driver.","images/usbToVga.jpg",6.99
15,"HDMI Male to VGA Female Converter","Compatible with PC,TV,Laptops,HD DVD and other HDMI devices.\nSupport Audio conversion.\nPlug and play: No installation of any driver.","images/usbToVga.jpg",6.99
16,"HDMI Male to VGA Female Converter","Compatible with PC,TV,Laptops,HD DVD and other HDMI devices.\nSupport Audio conversion.\nPlug and play: No installation of any driver.","images/usbToVga.jpg",6.99
17,"HDMI Male to VGA Female Converter","Compatible with PC,TV,Laptops,HD DVD and other HDMI devices.\nSupport Audio conversion.\nPlug and play: No installation of any driver.","images/usbToVga.jpg",6.99
18,"HDMI Male to VGA Female Converter","Compatible with PC,TV,Laptops,HD DVD and other HDMI devices.\nSupport Audio conversion.\nPlug and play: No installation of any driver.","images/usbToVga.jpg",6.99
19,"HDMI Male to VGA Female Converter","Compatible with PC,TV,Laptops,HD DVD and other HDMI devices.\nSupport Audio conversion.\nPlug and play: No installation of any driver.","images/usbToVga.jpg",6.99
20,"HDMI Male to VGA Female Converter","Compatible with PC,TV,Laptops,HD DVD and other HDMI devices.\nSupport Audio conversion.\nPlug and play: No installation of any driver.","images/usbToVga.jpg",6.99
21,"HDMI Male to VGA Female Converter","Compatible with PC,TV,Laptops,HD DVD and other HDMI devices.\nSupport Audio conversion.\nPlug and play: No installation of any driver.","images/usbToVga.jpg",6.99
